ARMOR,PHYS_DEF,STRIKE_DEF,SLASH_DEF,THRUST_DEF,MAG_DEF,FIRE_DEF,LITNG_DEF,POISE,BLEED_RES,POIS_RES,CURSE_RES,DURABILITY,WEIGHT,STAM_MOD,SOUND_MOD
Standard Helm,14.0,7.98000002,15.96,14.0,8.0,8.0,3.0,5.0,9.0,8.0,0.0,250.0,3.5,0.0,1.0
Hard Leather Armor,26.0,27.5599976,26.0,26.0,20.0,13.0,23.0,0.0,23.0,20.0,0.0,250.0,5.9,0.0,1.0
Hard Leather Gauntlets,13.0,13.7799988,13.0,13.0,12.0,7.0,13.0,0.0,14.0,12.0,0.0,250.0,3.5,0.0,1.0
Hard Leather Boots,13.0,13.7799988,13.0,13.0,12.0,7.0,13.0,0.0,14.0,12.0,0.0,250.0,3.5,0.0,1.0
Chain Helm,12.0,12.0,14.4000006,11.6400003,10.0,8.0,3.0,5.0,10.0,6.0,0.0,300.0,3.0,0.0,1.0
Chain Armor,30.0,30.0,36.0,29.1000004,21.0,16.0,7.0,9.0,20.0,12.0,0.0,300.0,6.0,0.0,1.5
Leather Gauntlets,12.0,12.0,14.4000006,11.6400003,10.0,8.0,4.0,5.0,12.0,7.0,0.0,300.0,3.6,0.0,1.0
Chain Leggings,18.0,18.0,21.6000004,17.460001,14.0,12.0,5.0,7.0,15.0,9.0,0.0,300.0,4.6,0.0,1.0
Knight Helm,14.0,13.3000002,16.2399998,13.7200003,6.0,8.0,5.0,8.0,9.0,6.0,0.0,400.0,4.2,0.0,1.0
Knight Armor,37.0,35.1499977,42.9199982,36.2600021,16.0,18.0,13.0,20.0,23.0,16.0,0.0,400.0,10.9,0.0,1.5
Knight Gauntlets,17.0,16.1499996,19.7199993,16.6599998,7.0,8.0,4.0,6.0,8.0,5.0,0.0,400.0,3.5,0.0,1.0
Knight Leggings,22.0,20.8999996,25.5199986,21.5600014,10.0,11.0,8.0,12.0,14.0,9.0,0.0,400.0,6.4,0.0,1.0
Elite Knight Helm,15.0,14.5500002,17.3999996,15.0,7.0,8.0,6.0,8.0,9.0,6.0,0.0,450.0,4.5,0.0,1.0
Elite Knight Armor,39.0,37.8300018,45.2399979,39.0,17.0,18.0,15.0,20.0,23.0,16.0,0.0,450.0,11.7,0.0,1.5
Elite Knight Gauntlets,18.0,17.460001,20.8799992,18.0,7.0,8.0,5.0,6.0,7.0,5.0,0.0,450.0,3.7,0.0,1.0
Elite Knight Leggings,23.0,22.3100014,26.6799984,23.0,11.0,11.0,9.0,12.0,14.0,9.0,0.0,450.0,6.9,0.0,1.0
Wanderer Hood,9.0,9.63000011,9.63000011,9.0,8.0,10.0,9.0,0.0,8.0,8.0,0.0,400.0,1.4,0.0,1.0
Wanderer Coat,23.0,24.6100006,24.6100006,23.0,21.0,26.0,23.0,0.0,21.0,21.0,0.0,400.0,3.5,0.0,1.0
Wanderer Manchette,14.0,14.9800005,14.9800005,14.0,12.0,15.0,13.0,0.0,13.0,13.0,0.0,400.0,2.1,0.0,1.0
Wanderer Boots,14.0,14.9800005,14.9800005,14.0,12.0,15.0,13.0,0.0,13.0,13.0,0.0,400.0,2.1,0.0,1.0
Thief Mask,9.0,9.63000011,9.0,9.0,8.0,5.0,6.0,0.0,9.0,12.0,0.0,250.0,1.2,0.0,1.0
Black Leather Armor,23.0,24.6100006,23.0,23.0,20.0,14.0,16.0,0.0,23.0,31.0,0.0,250.0,3.1,0.0,1.0
Black Leather Gloves,13.0,13.9100008,13.0,13.0,12.0,8.0,9.0,0.0,14.0,18.0,0.0,250.0,1.8,0.0,1.0
Black Leather Boots,12.0,12.8400002,12.0,12.0,19.0,13.0,15.0,0.0,23.0,31.0,0.0,250.0,3.0,0.0,1.0
Brigand Hood,9.0,9.90000057,9.0,8.09999943,8.0,5.0,6.0,0.0,8.0,8.0,0.0,200.0,1.2,0.0,1.0
Brigand Armor,23.0,25.3000011,23.0,20.6999989,20.0,13.0,17.0,0.0,20.0,20.0,0.0,200.0,3.1,0.0,1.0
Brigand Gauntlets,14.0,15.4000006,14.0,12.5999994,12.0,8.0,10.0,0.0,12.0,12.0,0.0,200.0,1.8,0.0,1.0
Brigand Trousers,14.0,15.4000006,14.0,12.5999994,12.0,8.0,10.0,0.0,12.0,12.0,0.0,200.0,1.8,0.0,1.0
Leather Armor,24.0,25.4399986,24.0,24.0,20.0,12.0,23.0,0.0,21.0,20.0,0.0,250.0,4.7,0.0,1.0
Leather Gloves,12.0,12.7199993,12.0,12.0,12.0,6.0,13.0,0.0,13.0,12.0,0.0,250.0,2.8,0.0,1.0
Leather Boots,12.0,12.7199993,12.0,12.0,12.0,6.0,13.0,0.0,13.0,12.0,0.0,250.0,2.8,0.0,1.0
Sorcerer Hat,8.0,8.64000034,8.31999969,8.0,10.0,5.0,6.0,0.0,6.0,5.0,0.0,200.0,0.9,0.0,1.0
Sorcerer Cloak,20.0,21.6000004,20.7999992,20.0,27.0,13.0,17.0,0.0,16.0,12.0,0.0,200.0,2.3,0.0,1.0
Sorcerer Gauntlets,12.0,12.960001,12.4799995,12.0,16.0,8.0,10.0,0.0,9.0,7.0,0.0,200.0,1.4,0.0,1.0
Sorcerer Boots,12.0,12.960001,12.4799995,12.0,16.0,8.0,10.0,0.0,9.0,7.0,0.0,200.0,1.4,0.0,1.0
Black Sorcerer Hat,5.0,5.14999962,5.45000029,5.0,11.0,8.0,8.0,0.0,12.0,12.0,2.0,200.0,0.7,0.0,1.0
Black Sorcerer Cloak,13.0,13.3899994,14.1700001,13.0,28.0,21.0,21.0,0.0,31.0,31.0,4.0,200.0,1.8,0.0,1.0
Black Sorcerer Gauntlets,8.0,8.23999977,8.72000027,8.0,17.0,12.0,12.0,0.0,18.0,18.0,2.0,200.0,1.0,0.0,1.0
Black Sorcerer Boots,8.0,8.23999977,8.72000027,8.0,17.0,12.0,12.0,0.0,18.0,18.0,2.0,200.0,1.0,0.0,1.0
Tattered Cloth Hood,8.0,8.88000011,8.0,8.0,9.0,12.0,6.0,0.0,9.0,23.0,1.0,400.0,1.1,0.0,1.0
Tattered Cloth Robe,21.0,23.3099995,21.0,21.0,23.0,30.0,17.0,0.0,23.0,59.0,2.0,400.0,2.7,0.0,1.0
Tattered Cloth Manchette,12.0,13.3199997,12.0,12.0,14.0,18.0,10.0,0.0,14.0,35.0,1.0,400.0,1.6,0.0,1.0
Heavy Boots,12.0,13.3199997,12.0,12.0,14.0,18.0,10.0,0.0,14.0,35.0,1.0,400.0,1.6,0.0,1.0
Priest's Hat,8.0,9.43999958,8.0,8.0,9.0,5.0,7.0,0.0,9.0,8.0,0.0,350.0,1.2,0.0,1.0
Holy Robe,22.0,25.9599991,22.0,22.0,23.0,14.0,19.0,0.0,24.0,20.0,0.0,350.0,4.0,0.0,1.0
Traveling Gloves (Holy),5.0,5.89999962,5.0,5.0,5.0,3.0,4.0,0.0,5.0,4.0,0.0,350.0,0.7,0.0,1.0
Holy Trousers,14.0,16.5199986,14.0,14.0,15.0,8.0,12.0,0.0,15.0,13.0,0.0,350.0,2.0,0.0,1.0
Cleric Helm,15.0,15.0,17.25,15.0,9.0,8.0,6.0,8.0,9.0,6.0,0.0,500.0,4.8,-1.0,1.0
Cleric Armor,40.0,40.0,46.0,40.0,23.0,21.0,15.0,20.0,23.0,16.0,0.0,500.0,12.5,-1.0,1.5
Cleric Gauntlets,24.0,24.0,27.5999985,24.0,13.0,12.0,9.0,12.0,14.0,9.0,0.0,500.0,7.4,-1.0,1.0
Cleric Leggings,24.0,24.0,27.5999985,24.0,13.0,12.0,9.0,12.0,14.0,9.0,0.0,500.0,7.4,-1.0,1.0
Iron Helm,14.0,14.0,14.0,13.7200003,10.0,10.0,9.0,8.0,12.0,8.0,2.0,350.0,4.5,0.0,1.0
Armor of the Sun,35.0,35.0,35.0,34.2999992,21.0,21.0,19.0,16.0,23.0,16.0,10.0,350.0,9.0,0.0,1.5
Iron Bracelet,17.0,17.0,17.0,16.6599998,10.0,10.0,9.0,7.0,11.0,7.0,2.0,350.0,4.3,0.0,1.0
Iron Leggings,21.0,21.0,21.0,20.5799999,12.0,12.0,11.0,9.0,14.0,9.0,2.0,350.0,5.3,0.0,1.0
Black Iron Helm,27.0,25.6499996,31.0499992,27.0,11.0,19.0,8.0,12.0,17.0,10.0,5.0,600.0,6.0,-1.0,1.0
Black Iron Armor,68.0,64.5999985,78.1999969,68.0,30.0,51.0,21.0,31.0,43.0,25.0,13.0,600.0,15.6,-2.0,1.5
Black Iron Gauntlets,40.0,38.0,46.0,40.0,17.0,30.0,13.0,18.0,25.0,14.0,8.0,600.0,9.2,-1.0,1.0
Black Iron Leggings,40.0,38.0,46.0,40.0,17.0,30.0,13.0,18.0,25.0,14.0,8.0,600.0,9.2,-1.0,1.0
Helm of the Wise,18.0,17.1000004,20.6999989,18.0,12.0,13.0,10.0,8.0,11.0,7.0,18.0,500.0,5.1,0.0,1.0
Armor of the Glorious,47.0,44.6499977,54.0499992,47.0,31.0,34.0,25.0,20.0,28.0,19.0,24.0,500.0,13.3,-1.0,1.5
Gauntlets of the Vanquisher,11.0,10.4499998,12.6499996,11.0,7.0,7.0,6.0,4.0,6.0,5.0,4.0,500.0,3.0,0.0,1.0
Boots of the Explorer,14.0,13.3000002,16.1000004,14.0,10.0,11.0,7.0,6.0,8.0,6.0,5.0,500.0,4.0,0.0,1.0
Catarina Helm,22.0,21.7800007,25.2999992,22.0,12.0,13.0,7.0,8.0,13.0,9.0,0.0,400.0,4.5,-1.0,1.0
Catarina Armor,57.0,56.4300003,65.5499954,57.0,31.0,37.0,19.0,21.0,34.0,24.0,0.0,400.0,11.7,-1.0,1.5
Catarina Gauntlets,34.0,33.6599998,39.0999985,34.0,18.0,21.0,12.0,13.0,21.0,13.0,0.0,400.0,6.9,-1.0,1.0
Catarina Leggings,34.0,33.6599998,39.0999985,34.0,18.0,21.0,12.0,13.0,21.0,13.0,0.0,400.0,6.9,-1.0,1.0
Crystalline Helm,25.0,21.25,28.75,25.0,8.0,6.0,2.0,6.0,6.0,0.0,0.0,150.0,4.2,0.0,1.0
Crystalline Armor,59.0,50.1500015,67.8499985,59.0,21.0,15.0,7.0,16.0,15.0,0.0,0.0,150.0,10.9,0.0,1.0
Crystalline Gauntlets,37.0,31.4500008,42.5499992,37.0,12.0,9.0,4.0,9.0,9.0,0.0,0.0,150.0,6.4,0.0,1.0
Crystalline Leggings,37.0,31.4500008,42.5499992,37.0,12.0,9.0,4.0,9.0,9.0,0.0,0.0,150.0,6.4,0.0,1.0
Brass Helm,22.0,21.1199989,24.8600006,22.0,12.0,11.0,11.0,8.0,11.0,9.0,6.0,600.0,5.1,0.0,1.0
Brass Armor,48.0,46.079998,54.2399979,48.0,27.0,25.0,25.0,16.0,24.0,20.0,11.0,600.0,10.9,0.0,1.5
Brass Gauntlets,24.0,23.039999,27.1199989,24.0,14.0,12.0,12.0,8.0,12.0,10.0,6.0,600.0,5.4,0.0,1.0
Brass Leggings,26.0,24.9599991,29.3799992,26.0,16.0,15.0,15.0,9.0,14.0,12.0,7.0,600.0,6.4,0.0,1.0
Pharis's Hat,7.0,7.4199996,7.0,7.0,5.0,7.0,6.0,0.0,6.0,5.0,0.0,250.0,1.2,0.0,1.0
Big Hat,14.0,15.4000006,15.4000006,12.5999994,43.0,7.0,17.0,0.0,13.0,13.0,0.0,250.0,3.0,0.0,1.0
Sage Robe,41.0,44.2800026,42.6399994,41.0,28.0,29.0,35.0,0.0,49.0,49.0,0.0,250.0,4.0,0.0,1.0
Traveling Gloves (Big Hat),12.0,12.960001,12.4799995,12.0,16.0,8.0,10.0,0.0,14.0,14.0,0.0,250.0,1.6,0.0,1.0
Traveling Boots,12.0,12.960001,12.4799995,12.0,16.0,8.0,10.0,0.0,14.0,14.0,0.0,250.0,1.6,0.0,1.0
Mask of the Sealer,12.0,13.2000008,12.0,12.0,12.0,7.0,9.0,0.0,8.0,8.0,8.0,400.0,1.5,0.0,1.0
Crimson Robe,32.0,35.2000008,32.0,32.0,33.0,19.0,24.0,0.0,21.0,21.0,21.0,400.0,3.9,0.0,1.0
Crimson Gloves,7.0,7.70000029,7.0,7.0,7.0,4.0,5.0,0.0,4.0,4.0,4.0,400.0,0.8,0.0,1.0
Crimson Waistcloth,29.0,31.9000015,29.0,29.0,29.0,17.0,21.0,0.0,19.0,19.0,19.0,400.0,3.5,0.0,1.0
Witch Hat,9.0,9.98999977,9.0,9.0,12.0,6.0,7.0,0.0,10.0,10.0,11.0,250.0,1.1,0.0,1.0
Crown of Dusk,5.0,5.0,5.0,5.0,11.0,2.0,6.0,0.0,5.0,5.0,20.0,150.0,0.4,0.0,1.0
Antiquated Dress,14.0,14.0,14.0,14.0,33.0,6.0,19.0,0.0,14.0,14.0,26.0,150.0,1.0,0.0,1.0
Antiquated Gloves,8.0,8.0,8.0,8.0,19.0,3.0,11.0,0.0,8.0,8.0,16.0,150.0,0.6,0.0,1.0
Antiquated Skirt,15.0,15.0,15.0,15.0,35.0,17.0,21.0,0.0,20.0,20.0,52.0,150.0,3.0,0.0,1.0
Witch Cloak,33.0,36.6300011,33.0,33.0,43.0,20.0,26.0,0.0,36.0,36.0,12.0,250.0,4.0,0.0,1.0
Witch Gloves,14.0,15.54,14.0,14.0,18.0,9.0,11.0,0.0,16.0,16.0,6.0,250.0,1.7,0.0,1.0
Witch Skirt,17.0,18.8700008,17.0,17.0,27.0,12.0,17.0,0.0,23.0,28.0,8.0,250.0,2.5,0.0,1.0
Gold-Hemmed Black Hood,11.0,11.7700005,11.0,11.0,15.0,22.0,8.0,0.0,16.0,36.0,0.0,400.0,1.4,0.0,1.0
Gold-Hemmed Black Cloak,31.0,33.170002,31.0,31.0,38.0,58.0,21.0,0.0,40.0,94.0,0.0,400.0,3.5,0.0,1.0
Gold-Hemmed Black Gloves,12.0,12.8400002,12.0,12.0,13.0,24.0,8.0,0.0,14.0,32.0,0.0,400.0,1.2,0.0,1.0
Gold-Hemmed Black Skirt,23.0,24.6100006,23.0,23.0,27.0,49.0,17.0,0.0,32.0,78.0,0.0,400.0,3.0,0.0,1.0
Mask of Velka,12.0,13.0799999,12.0,12.0,12.0,10.0,7.0,0.0,9.0,9.0,20.0,400.0,2.5,0.0,1.0
Black Cleric Robe,23.0,25.0700016,23.0,23.0,29.0,25.0,19.0,0.0,22.0,22.0,13.0,400.0,3.9,0.0,1.0
Black Manchette,11.0,11.9900007,11.0,11.0,14.0,11.0,9.0,0.0,10.0,10.0,5.0,400.0,1.8,0.0,1.0
Black Tights,16.0,17.4400005,16.0,16.0,22.0,17.0,13.0,0.0,15.0,15.0,9.0,400.0,2.8,0.0,1.0
Snickering Top Hat,12.0,16.2000008,12.0,12.0,13.0,9.0,12.0,0.0,19.0,14.0,0.0,300.0,2.0,0.0,1.0
Chester's Long Coat,27.0,36.4500008,27.0,27.0,30.0,21.0,28.0,0.0,44.0,32.0,0.0,300.0,4.5,0.0,1.0
Chester's Gloves,10.0,13.5,10.0,10.0,10.0,7.0,10.0,0.0,15.0,11.0,0.0,300.0,1.5,0.0,1.0
Chester's Trousers,19.0,25.6499996,19.0,19.0,21.0,15.0,20.0,0.0,31.0,23.0,0.0,300.0,3.2,0.0,1.0
Maiden Hood,7.0,8.18999958,7.0,7.0,8.0,5.0,6.0,0.0,9.0,7.0,3.0,150.0,0.8,0.0,1.0
Maiden Robe,19.0,22.2299995,19.0,19.0,22.0,13.0,17.0,0.0,23.0,18.0,8.0,150.0,2.0,0.0,1.0
Maiden Gloves,11.0,12.8699999,11.0,11.0,13.0,8.0,10.0,0.0,14.0,10.0,5.0,150.0,1.2,0.0,1.0
Maiden Skirt,14.0,16.3799992,14.0,14.0,27.0,16.0,21.0,0.0,29.0,22.0,10.0,150.0,2.5,0.0,1.0
Dingy Hood,6.0,7.5,6.0,6.0,8.0,5.0,6.0,0.0,9.0,7.0,9.0,150.0,0.8,0.0,1.0
Dingy Robe,23.0,28.75,23.0,23.0,33.0,19.0,25.0,0.0,35.0,26.0,35.0,150.0,3.0,0.0,1.0
Dingy Gloves,9.0,11.25,9.0,9.0,13.0,8.0,10.0,0.0,14.0,10.0,14.0,150.0,1.2,0.0,1.0
Blood-Stained Skirt,13.0,16.25,13.0,13.0,27.0,16.0,21.0,0.0,29.0,22.0,29.0,150.0,2.5,0.0,1.0
Eastern Helm,17.0,16.1499996,21.0799999,16.4899998,6.0,12.0,7.0,8.0,15.0,11.0,0.0,450.0,4.7,0.0,1.0
Eastern Armor,45.0,42.75,55.7999992,43.6500015,15.0,33.0,18.0,20.0,38.0,28.0,0.0,450.0,12.3,-1.0,1.5
Eastern Gauntlets,6.0,5.69999981,7.44000006,5.82000017,1.0,4.0,2.0,2.0,5.0,4.0,0.0,450.0,1.5,0.0,1.0
Eastern Leggings,15.0,14.25,18.6000004,14.5500002,5.0,11.0,6.0,6.0,12.0,10.0,0.0,450.0,4.0,0.0,1.0
Shadow Mask,9.0,9.90000057,9.0,9.0,5.0,6.0,6.0,0.0,15.0,18.0,0.0,200.0,0.9,0.0,1.0
Shadow Garb,23.0,25.3000011,23.0,23.0,12.0,16.0,17.0,0.0,39.0,47.0,0.0,200.0,2.3,0.0,1.0
Shadow Gauntlets,13.0,14.3000002,13.0,13.0,7.0,9.0,10.0,0.0,23.0,28.0,0.0,200.0,1.4,0.0,1.0
Shadow Leggings,13.0,14.3000002,13.0,13.0,7.0,9.0,10.0,0.0,23.0,28.0,0.0,200.0,1.4,0.0,1.0
Hollow Warrior Helm,10.0,9.70000076,10.2999992,9.5,6.0,5.0,6.0,3.0,5.0,5.0,0.0,250.0,2.6,0.0,1.0
Hollow Warrior Armor,24.0,23.2800007,24.7199993,22.7999992,16.0,12.0,17.0,8.0,13.0,13.0,0.0,250.0,6.6,0.0,1.5
Hollow Warrior Waistcloth,13.0,12.6100006,13.3899994,12.3499994,8.0,6.0,8.0,5.0,6.0,6.0,0.0,250.0,1.4,0.0,1.0
Hollow Soldier Helm,10.0,10.0,11.1000004,8.80000019,6.0,6.0,4.0,5.0,7.0,5.0,0.0,200.0,3.0,0.0,1.0
Hollow Soldier Armor,26.0,26.0,28.8600006,22.8799992,16.0,17.0,10.0,12.0,18.0,13.0,0.0,200.0,7.8,0.0,1.5
Hollow Soldier Waistcloth,13.0,13.0,14.4300003,11.4399996,8.0,8.0,6.0,7.0,10.0,6.0,0.0,200.0,1.5,0.0,1.0
Balder Helm,14.0,13.7200003,17.0799999,13.4399996,6.0,8.0,6.0,6.0,8.0,6.0,0.0,450.0,4.2,0.0,1.0
Balder Armor,37.0,36.2600021,45.1399994,35.5200005,15.0,18.0,15.0,16.0,20.0,16.0,0.0,450.0,10.9,0.0,1.5
Balder Gauntlets,17.0,16.6599998,20.7399998,16.3199997,7.0,8.0,5.0,5.0,6.0,5.0,0.0,450.0,3.5,0.0,1.0
Balder Leggings,22.0,21.5600014,26.8400002,21.1199989,10.0,12.0,9.0,9.0,12.0,9.0,0.0,450.0,6.4,0.0,1.0
Steel Helm,16.0,15.04,18.3999996,16.0,8.0,8.0,5.0,9.0,9.0,6.0,0.0,500.0,5.4,-1.0,1.0
Steel Armor,42.0,39.4799995,48.2999992,42.0,22.0,21.0,13.0,23.0,23.0,16.0,0.0,500.0,14.0,-1.0,1.5
Steel Gauntlets,25.0,23.5,28.75,25.0,13.0,12.0,8.0,14.0,14.0,9.0,0.0,500.0,8.3,-1.0,1.0
Steel Leggings,25.0,23.5,28.75,25.0,13.0,12.0,8.0,14.0,14.0,9.0,0.0,500.0,8.3,-1.0,1.0
Hollow Thief's Hood,8.0,8.72000027,8.0,8.31999969,8.0,5.0,7.0,0.0,6.0,11.0,0.0,250.0,1.1,0.0,1.0
Hollow Thief's Leather Armor,21.0,22.8900013,21.0,21.8400002,20.0,13.0,18.0,0.0,15.0,29.0,0.0,250.0,2.8,0.0,1.0
Hollow Thief's Tights,12.0,13.0799999,12.0,12.4799995,11.0,8.0,10.0,0.0,9.0,17.0,0.0,250.0,1.7,0.0,1.0
Silver Knight Helm,21.0,19.7399998,24.1499996,20.5799999,10.0,11.0,14.0,8.0,9.0,5.0,1.0,600.0,4.8,0.0,1.0
Silver Knight Armor,52.0,48.8800011,59.7999992,50.9599991,26.0,29.0,34.0,19.0,24.0,12.0,2.0,600.0,12.0,0.0,1.5
Silver Knight Gauntlets,25.0,23.5,28.75,24.5,12.0,14.0,16.0,9.0,11.0,6.0,1.0,600.0,5.5,0.0,1.0
Silver Knight Leggings,28.0,26.3199997,32.2000008,27.4400005,15.0,16.0,19.0,11.0,14.0,7.0,1.0,600.0,6.5,0.0,1.0
Black Knight Helm,21.0,19.9499989,23.7299995,20.5799999,11.0,18.0,6.0,8.0,12.0,6.0,0.0,550.0,5.0,-1.0,1.0
Black Knight Armor,57.0,54.1499977,64.409996,55.8600006,29.0,48.0,17.0,21.0,32.0,15.0,0.0,550.0,13.0,-1.0,1.5
Black Knight Gauntlets,26.0,24.6999989,29.3799992,25.4799995,14.0,23.0,8.0,10.0,15.0,8.0,0.0,550.0,6.0,-1.0,1.0
Black Knight Leggings,30.0,28.5,33.9000015,29.4000015,15.0,26.0,9.0,11.0,17.0,9.0,0.0,550.0,7.0,-1.0,1.0
Giant Helm,27.0,24.8400002,30.5100002,27.0,13.0,19.0,13.0,14.0,13.0,8.0,0.0,600.0,6.3,-1.0,1.0
Giant Armor,72.0,66.2399979,81.3600006,72.0,32.0,48.0,33.0,35.0,32.0,19.0,0.0,600.0,16.4,-2.0,1.5
Giant Gauntlets,41.0,37.7200012,46.329998,41.0,19.0,29.0,19.0,21.0,19.0,11.0,0.0,600.0,9.7,-1.0,1.0
Giant Leggings,41.0,37.7200012,46.329998,41.0,19.0,29.0,19.0,21.0,19.0,11.0,0.0,600.0,9.7,-1.0,1.0
Six-Eyed Helm of the Channelers,20.0,19.1999989,22.7999992,20.0,18.0,17.0,13.0,5.0,15.0,13.0,0.0,300.0,3.9,0.0,1.0
Robe of the Channelers,53.0,50.8799973,60.4199982,53.0,45.0,45.0,35.0,12.0,38.0,33.0,0.0,300.0,10.1,0.0,1.5
Gauntlets of the Channelers,17.0,16.3199997,19.3799992,17.0,13.0,13.0,10.0,3.0,12.0,10.0,0.0,300.0,3.0,0.0,1.0
Waistcloth of the Channelers,32.0,30.7199993,36.4799995,32.0,27.0,27.0,20.0,7.0,23.0,20.0,0.0,300.0,6.0,0.0,1.0
Painting Guardian Hood,3.0,3.60000014,3.0,3.0,31.0,11.0,8.0,0.0,12.0,30.0,6.0,150.0,0.6,0.0,1.0
Painting Guardian Robe,9.0,10.8000002,9.0,9.0,34.0,29.0,21.0,0.0,32.0,78.0,16.0,150.0,1.6,0.0,1.0
Painting Guardian Gloves,6.0,7.20000029,6.0,6.0,22.0,17.0,12.0,0.0,18.0,46.0,10.0,150.0,0.9,0.0,1.0
Painting Guardian Waistcloth,22.0,26.4000015,22.0,22.0,30.0,22.0,21.0,0.0,21.0,51.0,10.0,150.0,4.0,0.0,1.0
Fang Boar Helm,26.0,23.3999996,31.2000008,26.0,5.0,4.0,4.0,12.0,13.0,8.0,0.0,600.0,8.0,-1.0,1.0
Golem Helm,35.0,32.2000008,40.9499969,35.0,17.0,16.0,6.0,13.0,17.0,12.0,0.0,700.0,6.3,-1.0,1.0
Golem Armor,91.0,83.7200012,106.469994,91.0,45.0,41.0,17.0,33.0,45.0,31.0,0.0,700.0,16.4,-2.0,1.5
Golem Gauntlets,54.0,49.6800003,63.1799965,54.0,25.0,23.0,10.0,20.0,27.0,17.0,0.0,700.0,9.7,-1.0,1.0
Golem Leggings,54.0,49.6800003,63.1799965,54.0,25.0,23.0,10.0,20.0,27.0,17.0,0.0,700.0,9.7,-1.0,1.0
Smough's Helm,40.0,34.7999992,46.0,40.0,19.0,26.0,21.0,14.0,21.0,12.0,5.0,700.0,6.8,-1.0,1.0
Smough's Armor,106.0,92.2200012,121.899994,106.0,52.0,66.0,59.0,35.0,54.0,28.0,9.0,700.0,17.6,-2.0,1.5
Smough's Gauntlets,61.0,53.0699997,70.1500015,61.0,31.0,40.0,33.0,21.0,33.0,16.0,5.0,700.0,10.4,-1.0,1.0
Smough's Leggings,61.0,53.0699997,70.1500015,61.0,31.0,40.0,33.0,21.0,33.0,16.0,5.0,700.0,10.4,-1.0,1.0
Ornstein's Helm,32.0,30.3999996,36.1599998,32.0,16.0,22.0,18.0,9.0,18.0,8.0,8.0,700.0,5.5,-1.0,1.0
Ornstein's Armor,70.0,66.5,79.0999985,70.0,36.0,46.0,40.0,19.0,38.0,18.0,18.0,700.0,12.0,-1.0,1.5
Ornstein's Gauntlets,29.0,27.5499992,32.7700005,29.0,12.0,16.0,14.0,6.0,12.0,6.0,6.0,700.0,4.0,0.0,1.0
Ornstein's Leggings,40.0,38.0,45.2000008,40.0,20.0,28.0,24.0,11.0,22.0,12.0,12.0,700.0,7.0,-1.0,1.0
Helm of Artorias,18.0,16.1999989,20.6999989,18.8999996,9.0,19.0,9.0,6.0,9.0,9.0,9.0,600.0,4.2,0.0,1.0
Armor of Artorias,42.0,37.7999992,48.2999992,44.0999985,22.0,46.0,22.0,15.0,22.0,22.0,20.0,600.0,10.5,0.0,1.5
Gauntlets of Artorias,20.0,18.0,23.0,21.0,10.0,21.0,10.0,7.0,10.0,10.0,9.0,600.0,4.6,0.0,1.0
Leggings of Artorias,23.0,20.6999989,26.4499989,24.1499996,11.0,24.0,11.0,9.0,11.0,11.0,10.0,600.0,5.5,0.0,1.0
Gough's Helm,25.0,25.0,26.2499981,23.75,14.0,21.0,11.0,9.0,11.0,6.0,0.0,450.0,6.5,-1.0,1.0
Gough's Armor,50.0,50.0,52.4999962,47.5,28.0,41.0,21.0,19.0,21.0,12.0,0.0,450.0,13.0,-1.0,1.5
Gough's Gauntlets,27.0,27.0,28.3499985,25.6499996,15.0,22.0,11.0,12.0,11.0,6.0,0.0,450.0,7.0,-1.0,1.0
Gough's Leggings,31.0,31.0,32.5499992,29.4499989,17.0,25.0,13.0,13.0,13.0,7.0,0.0,450.0,8.0,-1.0,1.0
Porcelain Mask,13.0,13.0,13.6499996,14.3000002,10.0,12.0,8.0,3.0,11.0,19.0,11.0,250.0,2.5,0.0,1.0
Lord's Blade Robe,34.0,34.0,35.6999969,37.4000015,26.0,32.0,20.0,8.0,28.0,49.0,25.0,250.0,6.4,0.0,1.0
Lord's Blade Gloves,15.0,15.0,15.749999,16.5,11.0,14.0,9.0,3.0,12.0,22.0,11.0,250.0,2.8,0.0,1.0
Lord's Blade Waistcloth,27.0,27.0,28.3499985,29.7000008,20.0,25.0,16.0,6.0,22.0,38.0,20.0,250.0,5.0,0.0,1.0
Crown of the Dark Sun,12.0,12.0,12.0,12.0,12.0,6.0,6.0,0.0,9.0,9.0,12.0,300.0,3.0,0.0,1.0
Moonlight Robe,20.0,20.0,20.0,20.0,31.0,17.0,17.0,0.0,23.0,23.0,31.0,80.0,3.1,0.0,1.0
Moonlight Gloves,3.0,3.0,3.0,3.0,5.0,3.0,3.0,0.0,4.0,4.0,5.0,80.0,0.5,0.0,1.0
Moonlight Waistcloth,12.0,12.0,12.0,12.0,18.0,10.0,10.0,0.0,14.0,14.0,18.0,80.0,1.8,0.0,1.0
Crown of the Great Lord,16.0,17.2800007,18.3999996,14.7200003,16.0,21.0,21.0,0.0,15.0,8.0,20.0,800.0,3.0,0.0,1.0
Robe of the Great Lord,32.0,34.5600014,36.7999992,29.4400005,32.0,41.0,41.0,0.0,30.0,15.0,40.0,400.0,6.0,0.0,1.0
Bracelet of the Great Lord,15.0,16.2000008,17.25,13.8000002,15.0,19.0,19.0,0.0,14.0,7.0,18.0,400.0,2.8,0.0,1.0
Anklet of the Great Lord,15.0,16.2000008,17.25,13.8000002,15.0,19.0,19.0,0.0,14.0,7.0,18.0,400.0,2.8,0.0,1.0
Dark Mask,18.0,18.0,19.8000011,16.9200001,12.0,12.0,10.0,6.0,12.0,8.0,0.0,300.0,3.8,0.0,1.0
Dark Armor,45.0,45.0,49.5,42.2999992,30.0,31.0,27.0,16.0,30.0,21.0,0.0,300.0,9.8,0.0,1.5
Dark Gauntlets,27.0,27.0,29.7000008,25.3799992,18.0,18.0,15.0,9.0,18.0,12.0,0.0,300.0,5.8,0.0,1.0
Dark Leggings,27.0,27.0,29.7000008,25.3799992,18.0,18.0,15.0,9.0,18.0,12.0,0.0,300.0,5.8,0.0,1.0
Helm of Thorns,17.0,16.1499996,18.5300007,17.0,10.0,12.0,8.0,6.0,10.0,7.0,0.0,250.0,4.1,0.0,1.0
Armor of Thorns,45.0,42.75,49.0500031,45.0,28.0,33.0,20.0,16.0,26.0,18.0,0.0,250.0,10.5,0.0,1.5
Gauntlets of Thorns,26.0,24.6999989,28.3400002,26.0,16.0,18.0,12.0,9.0,16.0,10.0,0.0,250.0,6.2,0.0,1.0
Leggings of Thorns,26.0,24.6999989,28.3400002,26.0,16.0,18.0,12.0,9.0,16.0,10.0,0.0,250.0,6.2,0.0,1.0
Helm of Favor,18.0,17.1000004,20.8799992,18.0,10.0,11.0,7.0,8.0,11.0,8.0,8.0,500.0,4.5,0.0,1.0
Embraced Armor of Favor,48.0,45.5999985,55.6800003,48.0,23.0,30.0,19.0,20.0,28.0,22.0,22.0,500.0,11.7,0.0,1.5
Gauntlets of Favor,21.0,19.9499989,24.3599987,21.0,10.0,12.0,8.0,8.0,11.0,10.0,10.0,500.0,5.0,0.0,1.0
Leggings of Favor,28.0,26.6000004,32.4799995,28.0,14.0,18.0,11.0,11.0,15.0,14.0,14.0,500.0,6.9,0.0,1.0
Paladin Helm,22.0,20.8999996,25.2999992,22.0,12.0,13.0,7.0,8.0,13.0,9.0,22.0,500.0,5.0,-1.0,1.0
Paladin Armor,59.0,56.0499992,67.8499985,59.0,31.0,37.0,19.0,20.0,34.0,24.0,57.0,500.0,12.9,-1.0,1.5
Paladin Gauntlets,35.0,33.25,40.25,35.0,19.0,21.0,12.0,12.0,21.0,13.0,34.0,500.0,7.6,-1.0,1.0
Paladin Leggings,35.0,33.25,40.25,35.0,19.0,21.0,12.0,12.0,21.0,13.0,34.0,500.0,7.6,-1.0,1.0
Stone Helm,35.0,32.9000015,40.25,35.0,17.0,21.0,21.0,15.0,17.0,6.0,0.0,800.0,6.8,-1.0,1.0
Stone Armor,91.0,85.5400009,104.650002,91.0,45.0,54.0,54.0,39.0,45.0,16.0,0.0,800.0,17.6,-2.0,1.5
Stone Gauntlets,54.0,50.7599983,62.0999985,54.0,27.0,33.0,33.0,23.0,27.0,10.0,0.0,800.0,10.4,-1.0,1.0
Stone Leggings,54.0,50.7599983,62.0999985,54.0,27.0,33.0,33.0,23.0,27.0,10.0,0.0,800.0,10.4,-1.0,1.0
Guardian Helm,41.0,38.5400009,47.1499977,41.0,23.0,19.0,23.0,15.0,17.0,6.0,0.0,800.0,7.2,-1.0,1.0
Guardian Armor,86.0,80.8399963,98.9000015,86.0,50.0,42.0,50.0,37.0,42.0,14.0,0.0,800.0,17.0,-2.0,1.5
Guardian Gauntlets,54.0,50.7599983,62.0999985,54.0,33.0,27.0,33.0,23.0,27.0,10.0,0.0,800.0,10.4,-1.0,1.0
Guardian Leggings,54.0,50.7599983,62.0999985,54.0,33.0,27.0,33.0,23.0,27.0,10.0,0.0,800.0,10.4,-1.0,1.0
Havel's Helm,36.0,30.6000004,41.3999977,36.0,22.0,22.0,18.0,18.0,18.0,4.0,9.0,900.0,7.5,-1.0,1.0
Havel's Armor,92.0,78.2000046,105.799995,92.0,56.0,54.0,49.0,47.0,45.0,11.0,22.0,900.0,19.5,-2.0,1.5
Havel's Gauntlets,54.0,45.9000015,62.0999985,54.0,32.0,32.0,29.0,28.0,27.0,5.0,13.0,900.0,11.5,-1.0,1.0
Havel's Leggings,54.0,45.9000015,62.0999985,54.0,32.0,32.0,29.0,28.0,27.0,5.0,13.0,900.0,11.5,-1.0,1.0
Xanthous Crown,18.0,27.7199993,18.0,15.3000002,15.0,3.0,8.0,0.0,8.0,11.0,35.0,400.0,5.0,0.0,1.0
Xanthous Overcoat,32.0,35.8400002,32.0,29.1200008,37.0,7.0,23.0,0.0,22.0,29.0,0.0,400.0,3.9,0.0,1.0
Xanthous Gloves,18.0,20.1599998,18.0,16.3800011,22.0,4.0,14.0,0.0,12.0,18.0,0.0,400.0,2.3,0.0,1.0
Xanthous Waistcloth,32.0,35.8400002,32.0,29.1200008,39.0,7.0,23.0,0.0,22.0,30.0,0.0,400.0,4.0,0.0,1.0
Mask of the Father,6.0,6.0,6.0,6.0,10.0,6.0,8.0,0.0,6.0,0.0,0.0,200.0,1.2,0.0,1.0
Mask of the Mother,6.0,6.0,6.0,6.0,12.0,6.0,8.0,0.0,10.0,0.0,0.0,200.0,1.2,0.0,1.0
Mask of the Child,6.0,6.0,6.0,6.0,10.0,8.0,10.0,0.0,6.0,0.0,0.0,200.0,1.2,10.0,1.0
Royal Helm,16.0,13.9200001,16.0,16.0,10.0,10.0,6.0,8.0,16.0,12.0,0.0,500.0,4.5,0.0,1.0
Sack,6.0,10.0199995,6.0,4.98000002,6.0,8.0,4.0,0.0,12.0,10.0,0.0,150.0,0.6,0.0,1.0
Sunlight Maggot,6.0,6.0,6.0,6.0,5.0,24.0,13.0,0.0,0.0,0.0,0.0,80.0,1.4,0.0,1.0
Symbol of Avarice,21.0,10.9200001,21.0,21.0,8.0,2.0,2.0,15.0,10.0,0.0,0.0,300.0,10.0,-1.0,1.0
Bloated Head,17.0,17.0,17.0,17.0,17.0,9.0,11.0,0.0,16.0,32.0,10.0,150.0,2.5,0.0,1.0
Bloated Sorcerer Head,14.0,14.0,14.0,14.0,22.0,9.0,13.0,0.0,8.0,38.0,15.0,150.0,2.2,0.0,1.0
Gargoyle Helm,15.0,12.3000002,19.0499992,13.6500006,15.0,15.0,15.0,8.0,22.0,19.0,0.0,500.0,3.5,0.0,1.0
No Head,0.0,0.0,0.0,0.0,0.0,0.0,0.0,0.0,0.0,0.0,0.0,999.0,0.0,0.0,1.0
No Chest,0.0,0.0,0.0,0.0,0.0,0.0,0.0,0.0,0.0,0.0,0.0,999.0,0.0,0.0,1.0
No Hands,0.0,0.0,0.0,0.0,0.0,0.0,0.0,0.0,0.0,0.0,0.0,999.0,0.0,0.0,1.0
No Legs,0.0,0.0,0.0,0.0,0.0,0.0,0.0,0.0,0.0,0.0,0.0,999.0,0.0,0.0,1.0
