WEAPON,WEIGHT
Abyss Greatsword,9.0
Astora's Straight Sword,3.0
Avelyn,6.0
Balder Shield,4.0
Balder Side Sword,3.0
Bandit's Knife,1.0
Barbed Straight Sword,3.0
Bastard Sword,6.0
Battle Axe,4.0
Beatrice's Catalyst,2.0
Black Bow of Pharis,1.0
Black Iron Greatshield,16.0
Black Knight Greataxe,16.0
Black Knight Greatsword,14.0
Black Knight Halberd,14.0
Black Knight Shield,6.0
Black Knight Sword,8.0
Blacksmith Giant Hammer,6.0
Blacksmith Hammer,5.0
Bloodshield,3.0
Bonewheel Shield,12.0
Broadsword,3.0
Broken Straight Sword,2.0
Buckler,1.5
Butcher Knife,10.0
Caduceus Kite Shield,3.0
Caduceus Round Shield,1.0
Caestus,0.5
Canvas Talisman,0.3
Channeler's Trident,6.0
Chaos Blade,6.0
Claw,1.0
Claymore,6.0
Cleansing Greatshield,14.5
Club,3.0
Composite Bow,1.0
Cracked Round Shield,1.0
Crescent Axe,7.0
Crest Shield,3.0
Crystal Greatsword,8.0
Crystal Ring Shield,3.0
Crystal Shield,5.0
Crystal Straight Sword,6.0
Dagger,0.5
Dark Hand,0.5
Dark Silver Tracer,1.0
Darkmoon Bow,1.0
Darkmoon Talisman,0.3
Darksword,6.0
Demon Great Machete,18.0
Demon's Catalyst,4.0
Demon's Great Hammer,22.0
Demon's Greataxe,22.0
Demon's Spear,4.0
Dragon Bone Fist,8.0
Dragon Crest Shield,3.0
Dragon Greatsword,24.0
Dragon King Greataxe,24.0
Dragon Tooth,18.0
Dragonslayer Greatbow,10.0
Dragonslayer Spear,10.0
Drake Sword,6.0
Eagle Shield,6.0
East-West Shield,1.0
Effigy Shield,3.0
Estoc,3.0
Falchion,2.5
Flamberge,6.0
Four-pronged Plow,5.5
Gargoyle Tail Axe,5.0
Gargoyle's Halberd,6.0
Gargoyle's Shield,4.0
Ghost Blade,0.5
Giant Shield,18.0
Giant's Halberd,16.0
Gold Tracer,2.0
Golem Axe,16.0
Gough's Greatbow,13.0
Grant,24.0
Grass Crest Shield,3.0
Gravelord Sword,10.0
Great Club,12.0
Great Lord Greatsword,8.0
Great Scythe,5.0
Greataxe,14.0
Greatshield of Artorias,16.0
Greatsword,12.0
Greatsword of Artorias,10.0
Greatsword of Artorias (Cursed),10.0
Guardian Tail,5.0
Halberd,6.0
Hammer of Vamos,5.0
Hand Axe,2.0
Havel's Greatshield,26.0
Heater Shield,2.0
Heavy Crossbow,5.0
Hollow Soldier Shield,3.5
Iaito,5.0
Iron Round Shield,5.0
Ivory Talisman,0.3
Izalith Catalyst,2.0
Jagged Ghost Blade,1.5
Knight Shield,5.5
Large Club,11.0
Large Leather Shield,1.5
Leather Shield,1.0
Lifehunt Scythe,6.0
Light Crossbow,3.0
Logan's Catalyst,2.0
Longbow,1.0
Longsword,3.0
Lucerne,5.5
Mace,4.0
Mail Breaker,0.5
Man-serpent Greatsword,10.0
Manus Catalyst,5.0
Moonlight Butterfly Horn,4.0
Moonlight Greatsword,6.0
Morning Star,4.0
Murakumo,12.0
Notched Whip,2.0
Obsidian Greatsword,8.0
Oolacile Catalyst,2.0
Oolacile Ivory Catalyst,0.5
Painting Guardian Sword,1.5
Parrying Dagger,0.5
Partizan,4.5
Pickaxe,5.0
Pierce Shield,3.5
Pike,10.0
Plank Shield,1.5
Priscilla's Dagger,1.0
Pyromancy Flame,0.0
Quelaag's Furysword,3.5
Rapier,1.5
Red and White Round Shield,1.0
Reinforced Club,4.0
Ricard's Rapier,2.0
Sanctus,3.0
Scimitar,1.5
Scythe,5.0
Server,10.0
Short Bow,0.5
Shortsword,2.0
Shotel,2.5
Silver Knight Shield,5.0
Silver Knight Spear,6.0
Silver Knight Straight Sword,6.0
Skull Lantern,0.5
Small Leather Shield,0.5
Smough's Hammer,28.0
Sniper Crossbow,8.0
Sorcerer's Catalyst,2.0
Spear,3.5
Spider Shield,3.0
Spiked Shield,3.0
Stone Greataxe,24.0
Stone Greatshield,20.0
Stone Greatsword,18.0
Straight Sword Hilt,1.0
Sunlight Shield,4.0
Sunlight Straight Sword,4.0
Sunlight Talisman,0.3
Talisman,0.3
Target Shield,2.0
Thorolund Talisman,0.3
Tin Banishment Catalyst,3.0
Tin Crystallization Catalyst,2.5
Tin Darkmoon Catalyst,1.0
Titanite Catch Pole,6.0
Tower Kite Shield,3.0
Tower Shield,13.0
Uchigatana,5.0
Velka's Rapier,2.0
Velka's Talisman,0.3
Warpick,3.5
Warrior's Round Shield,1.0
Washing Pole,8.0
Whip,1.5
Winged Spear,4.5
Wooden Shield,1.5
Zweihander,10.0
